{
  "rules": {
    "ban": [true,
        ["_", "extend"],
        ["_", "isNull"],
        ["_", "isDefined"]
    ],
    "class-name": true,
    "comment-format": [true,
        "check-space",
        "check-lowercase"
    ],
    "curly": true,
    "eofline": false,
    "forin": true,
    "indent": [true, 4],
    "interface-name": true,
    "jsdoc-format": true,
    "label-position": true,
    "label-undefined": true,
    "max-line-length": [true, 140],
    "no-arg": true,
    "no-bitwise": true,
    "no-console": [true,
        "debug",
        "info",
        "time",
        "timeEnd",
        "trace"
    ],
    "no-construct": true,
    "no-debugger": true,
    "no-duplicate-key": true,
    "no-duplicate-variable": true,
    "no-empty": true,
    "no-eval": true,
    "no-string-literal": true,
    "no-trailing-comma": true,
    "no-trailing-whitespace": true,
    "no-unused-expression": true,
    "no-unused-variable": true,
    "no-unreachable": true,
    "no-use-before-declare": true,
    "one-line": [true,
        "check-open-brace",
        "check-catch",
        "check-else",
        "check-whitespace"
    ],
    "quotemark": [true, "double"],
    "radix": true,
    "semicolon": [ true, "always" ],
    "triple-equals": [true, "allow-null-check"],
    "typedef": [true,
        "call-signature",
        "parameter",
        "property-declaration",
        "variable-declaration"
    ],
    "typedef-whitespace": [
      true,
      { "call-signature": "nospace" },
      { "index-signature": "space" }
    ],
    "use-strict": [true,
        "check-module",
        "check-function"
    ],
    "variable-name": false,
    "whitespace": [false,
        "check-branch",
        "check-decl",
        "check-operator",
        "check-separator",
        "check-type"
    ]
  }
}
